Country,Date,foreignlongterm,foreignshortterm,foreignoutlookWatch,locallongterm,localoutlookWatch
United Arab Emirates,2/07/2007,AA,F1+,stable,AA,stable
Angola,23/05/2012,BB-,B,positive,BB-,positive
Angola,24/05/2011,BB-,B,stable,BB-,stable
Angola,19/05/2010,B+,B,positive,B+,positive
Argentina,12/07/2010,B,B,stable,B,stable
Argentina,18/12/2008,RD,B,,B-,stable
Argentina,1/08/2006,RD,B,,B,stable
Argentina,14/12/2005,RD,B,,B-,stable
Argentina,3/06/2005,DDD,B,,B-,stable
Argentina,14/01/2005,D,D,,B-,stable
Argentina,17/06/2004,DDD,D,,B-,stable
Argentina,26/04/2004,DDD,C,,B-,stable
Argentina,4/01/2002,DDD,C,,C,
Argentina,3/12/2001,DDD,D,,DDD,
Argentina,6/11/2001,C,C,Rating Watch negative,C,Rating Watch negative
Argentina,2/11/2001,CC,C,Rating Watch negative,CC,Rating Watch negative
Argentina,12/10/2001,CCC-,C,negative,CCC-,negative
Argentina,11/07/2001,B-,B,negative,B-,negative
Argentina,28/03/2001,B+,B,Rating Watch negative,B+,Rating Watch negative
Argentina,20/03/2001,BB-,B,Rating Watch negative,BB,Rating Watch negative
Argentina,21/09/2000,BB,B,negative,BB+,negative
Argentina,3/12/1997,BB,B,,BB+,
Argentina,28/05/1997,BB,B,,-,
Armenia,13/08/2009,BB-,B,stable,BB-,stable
Armenia,3/07/2008,BB,B,stable,BB,stable
Armenia,1/05/2007,BB-,B,positive,BB-,positive
Armenia,24/05/2006,BB-,B,stable,BB-,stable
Aruba,8/06/2006,BBB,F3,stable,BBB,stable
Aruba,12/06/2003,BBB,F3,negative,BBB,negative
Aruba,29/04/2002,BBB,F3,stable,BBB,stable
Australia,28/11/2011,AAA,F1+,stable,AAA,stable
Australia,3/02/2003,AA+,F1+,stable,AAA,stable
Australia,21/09/2000,AA,F1+,stable,AAA,stable
Australia,19/11/1998,AA,F1+,,AAA,
Australia,18/06/1998,AA,F1+,Rating Watch negative,AAA,Rating Watch negative
Australia,25/01/1996,AA,F1+,,AAA,
Austria,21/09/2000,AAA,F1+,stable,AAA,stable
Austria,26/10/1995,AAA,F1+,,AAA,
Austria,10/08/1994,AAA,,,-,
Azerbaijan,11/05/2012,BBB-,F3,stable,BBB-,stable
Azerbaijan,17/05/2011,BBB-,F3,positive,BBB-,positive
Azerbaijan,20/05/2010,BBB-,F3,stable,BBB-,stable
Azerbaijan,5/02/2007,BB+,B,stable,BB+,stable
Azerbaijan,22/11/2004,BB,B,stable,BB,stable
Azerbaijan,25/07/2002,BB-,B,positive,BB-,positive
Azerbaijan,20/07/2001,BB-,B,stable,BB-,stable
Azerbaijan,21/09/2000,B+,B,positive,BB-,positive
Azerbaijan,3/07/2000,B+,B,,BB-,
Bahrain,3/08/2011,BBB,F3,stable,BBB+,stable
Bahrain,15/03/2011,BBB,F3,Rating Watch negative,BBB+,Rating Watch negative
Bahrain,3/03/2011,A-,F1,negative,A,negative
Bahrain,17/02/2011,A,F1,Rating Watch negative,A+,Rating Watch negative
Bahrain,24/08/2007,A,F1,stable,A+,stable
Bahrain,17/08/2006,A-,F1,positive,A,positive
Bahrain,10/01/2003,A-,F1,stable,A,stable
Bahrain,16/12/2002,BBB,F3,Rating Watch positive,BBB+,Rating Watch positive
Bahrain,27/11/2001,BBB,F3,stable,BBB+,stable
Bahrain,21/09/2000,BBB-,F3,stable,BBB+,stable
Bahrain,16/02/2000,BBB-,F3,,BBB+,
Belgium,27/01/2012,AA,F1+,negative,AA,negative
Belgium,16/12/2011,AA+,F1+,Rating Watch negative,AA+,Rating Watch Negative
Belgium,23/05/2011,AA+,F1+,negative,AA+,negative
Belgium,2/05/2006,AA+,F1+,stable,AA+,stable
Belgium,17/06/2002,AA,F1+,stable,AA,stable
Belgium,21/09/2000,AA-,F1+,stable,AA-,stable
Belgium,16/12/1998,AA-,F1+,,AA-,
Belgium,14/07/1998,AA+,F1+,,AA+,
Belgium,26/10/1995,AA+,F1+,,AAA,
Belgium,10/08/1994,AA+,,,-,
Benin,25/01/2012,withdrawn,withdrawn,withdrawn,withdrawn,withdrawn
Benin,15/09/2004,B,B,stable,B,stable
Bermuda,26/06/2012,AA,F1+,stable,AA+,stable
Bermuda,11/08/2006,AA+,F1+,stable,AAA,stable
Bermuda,21/09/2000,AA,F1+,stable,AAA,stable
Bermuda,26/10/1995,AA,F1+,,AAA,
Bermuda,10/08/1994,AA,,,-,
Bolivia,5/10/2010,B+,B,stable,B+,stable
Bolivia,8/09/2009,B,B,stable,B,stable
Bolivia,27/07/2007,B-,B,stable,B-,stable
Bolivia,17/06/2005,B-,B,negative,B-,negative
Bolivia,17/03/2004,B-,B,stable,B-,stable
Brazil,4/04/2011,BBB,F2,stable,BBB,stable
Brazil,28/06/2010,BBB-,F3,positive,BBB-,positive
Brazil,29/05/2008,BBB-,F3,stable,BBB-,stable
Brazil,9/05/2007,BB+,B,stable,BB+,stable
Brazil,5/02/2007,BB,B,positive,BB,positive
Brazil,28/06/2006,BB,B,stable,BB,stable
Brazil,11/10/2005,BB-,B,positive,BB-,positive
Brazil,28/09/2004,BB-,B,stable,BB-,stable
Brazil,6/11/2003,B+,B,stable,B+,stable
Brazil,3/06/2003,B,B,positive,B,positive
Brazil,10/03/2003,B,B,stable,B,stable
Brazil,21/10/2002,B,B,negative,B,negative
Brazil,1/08/2002,B+,B,Rating Watch negative,B+,Rating Watch negative
Brazil,20/06/2002,B+,B,negative,B+,negative
Brazil,17/07/2001,BB-,B,negative,B+,negative
Brazil,21/09/2000,BB-,B,stable,B+,stable
Brazil,19/05/2000,BB-,B,,B+,
Brazil,22/02/2000,B+,B,,B+,
Brazil,26/01/1999,B,B,,B,
Brazil,3/12/1997,B+,B,,BB-,
Brazil,26/10/1995,B+,B,,-,
Brazil,1/12/1994,B+,,,-,
Bulgaria,13/12/2011,BBB-,F3,stable,BBB,stable
Bulgaria,24/05/2011,BBB-,F3,positive,BBB,positive
Bulgaria,30/04/2009,BBB-,F3,negative,BBB,negative
Bulgaria,9/11/2008,BBB-,F3,stable,BBB,stable
Bulgaria,30/01/2008,BBB,F3,negative,BBB+,negative
Bulgaria,17/08/2005,BBB,F3,stable,BBB+,stable
Bulgaria,4/08/2004,BBB-,F3,stable,BBB,stable
Bulgaria,24/07/2003,BB+,B,positive,BBB-,positive
Bulgaria,29/10/2002,BB,B,positive,BB+,positive
Bulgaria,14/01/2002,BB-,B,stable,BB,stable
Bulgaria,21/09/2000,B+,B,positive,BB,positive
Bulgaria,17/04/1998,B+,B,,BB,
Cameroon,30/05/2012,B,B,stable,B,stable
Cameroon,6/03/2007,B,B,stable,B-,stable
Cameroon,12/06/2006,B,B,stable,CCC,positive
Cameroon,21/12/2005,B-,B,positive,CCC,positive
Cameroon,4/11/2005,B-,B,positive,CCC+,positive
Cameroon,15/02/2005,B-,B,stable,CCC+,stable
Cameroon,5/07/2004,B,B,Rating Watch Negative,B,Rating Watch Negative
Cameroon,4/09/2003,B,B,stable,B,stable
Canada,12/08/2004,AAA,F1+,stable,AAA,stable
Canada,3/04/2001,AA+,F1+,stable,AAA,stable
Canada,21/09/2000,AA,F1+,stable,AAA,stable
Canada,26/10/1995,AA,F1+,,AAA,
Canada,10/08/1994,AA,,,-,
Cabo Verde,22/06/2009,B+,B,stable,BB-,stable
Cabo Verde,11/03/2008,B+,B,positive,BB-,positive
Cabo Verde,15/08/2003,B+,B,stable,BB-,stable
Chile,1/02/2011,A+,F1,stable,AA-,stable
Chile,10/11/2008,A,F1,stable,A+,stable
Chile,15/05/2007,A,F1,positive,A+,positive
Chile,28/03/2005,A,F1,stable,A+,stable
Chile,2/02/2004,A-,F1,positive,A+,stable
Chile,24/02/2003,A-,F1,stable,A+,stable
Chile,21/09/2000,A-,F1,stable,AA-,stable
Chile,3/12/1997,A-,F1,,AA-,
Chile,25/11/1996,A-,F1,,AA,
Chile,26/10/1995,A-,F1,,-,
Chile,30/08/1995,A-,,,-,
Chile,10/11/1994,BBB+,,,-,
China,12/04/2011,A+,F1,stable,AA-,negative
China,6/11/2007,A+,F1,stable,AA-,stable
China,13/09/2006,A,F1,positive,A+,positive
China,17/10/2005,A,F1,stable,A+,stable
China,13/10/2003,A-,F1,positive,A,stable
China,6/12/2001,A-,F1,stable,A,stable
China,21/09/2000,A-,F1,stable,-,stable
China,22/12/1998,A-,F1,,-,
China,11/12/1997,A-,,,-,
Colombia,22/06/2011,BBB-,F3,Stable,BBB,Stable
Colombia,21/10/2010,BB+,B,positive,BBB-,positive
Colombia,21/06/2007,BB+,B,stable,BBB-,stable
Colombia,5/06/2006,BB,B,positive,BBB-,stable
Colombia,3/05/2004,BB,B,stable,BBB-,stable
Colombia,29/08/2002,BB,B,negative,BBB-,negative
Colombia,10/01/2002,BB,B,stable,BBB-,stable
Colombia,24/10/2000,BB+,B,negative,BBB,negative
Colombia,21/09/2000,BB+,B,stable,BBB,stable
Colombia,17/03/2000,BB+,B,,BBB,
Colombia,1/09/1999,BBB-,F3,,BBB+,
Colombia,20/03/1998,BBB,F3,,A-,
Colombia,10/08/1994,BBB,,,-,
Costa Rica,4/03/2011,BB+,B,stable,BB+,stable
Costa Rica,4/10/2006,BB,B,stable,BB+,stable
Costa Rica,28/04/2003,BB,B,negative,BB+,negative
Costa Rica,21/09/2000,BB,B,stable,BB+,stable
Costa Rica,11/05/1998,BB,B,,BB+,
Croatia,21/05/2009,BBB-,F3,negative,BBB,negative
Croatia,6/07/2005,BBB-,F3,stable,BBB+,stable
Croatia,8/07/2003,BBB-,F3,positive,BBB+,positive
Croatia,28/06/2001,BBB-,F3,stable,BBB+,stable
Croatia,21/09/2000,BB+,B,positive,BBB,positive
Croatia,29/04/1999,BB+,B,,BBB,
Croatia,17/01/1997,BBB-,F3,,A-,
Cyprus,25/06/2012,BB+,B,negative,BB+,negative
Cyprus,27/01/2012,BBB-,F3,negative,BBB-,negative
Cyprus,16/12/2011,BBB,F3,Rating Watch negative,BBB,Rating Watch negative
Cyprus,10/08/2011,BBB,F3,negative,BBB,negative
Cyprus,31/05/2011,A-,F1,negative,A-,negative
Cyprus,12/07/2007,AA-,F1+,Rating Watch negative,AA-,Rating Watch negative
Cyprus,12/07/2007,AA-,F1+,stable,AA-,stable
Cyprus,4/11/2003,A+,F1,positive,AA,stable
Cyprus,1/02/2002,A+,F1,stable,AA,stable
Czech Republic,13/12/2011,A+,F1,stable,AA-,stable
Czech Republic,4/06/2010,A+,F1,positive,AA-,positive
Czech Republic,4/03/2008,A+,F1,stable,AA-,stable
Czech Republic,26/08/2005,A,F1,stable,A+,stable
Czech Republic,20/06/2003,A-,F2,stable,A,stable
Czech Republic,28/03/2001,BBB+,F2,stable,A,stable
Czech Republic,21/09/2000,BBB+,F2,stable,A+,stable
Czech Republic,22/12/1998,BBB+,F2,,A+,
Czech Republic,24/11/1997,BBB+,F2,,AA-,
Czech Republic,26/10/1995,A-,F1,,-,
Czech Republic,10/08/1995,A-,,,-,
Denmark,10/11/2003,AAA,F1+,stable,AAA,stable
Denmark,29/09/2000,AA+,F1+,stable,AAA,stable
Denmark,21/09/2000,AA+,F1+,positive,AAA,positive
Denmark,26/10/1995,AA+,F1+,,AAA,
Denmark,10/08/1994,AA+,,,-,
Dominican Republic,5/01/2011,B,B,positive,B,positive
Dominican Republic,25/09/2008,B,B,stable,B,stable
Dominican Republic,26/09/2006,B,B,positive,B,positive
Dominican Republic,5/05/2006,B,B,stable,B,stable
Dominican Republic,19/07/2005,B-,B,stable,B,stable
Dominican Republic,11/05/2005,DDD,D,,B,stable
Dominican Republic,5/05/2005,DDD,D,,CCC+,Rating Watch positive
Dominican Republic,21/04/2005,C,C,Rating Watch negative,CCC+,Rating Watch negative
Dominican Republic,30/01/2004,CCC+,C,Rating Watch negative,CCC+,Rating Watch negative
Dominican Republic,24/10/2003,B,B,Rating Watch negative,B,Rating Watch negative
Dominican Republic,8/10/2003,B+,B,Rating Watch negative,B+,Rating Watch negative
Dominican Republic,11/08/2003,B+,B,stable,B+,stable
Ecuador,8/11/2010,B-,B,stable,-,
Ecuador,4/09/2009,CCC,C,stable,-,
Ecuador,16/12/2008,RD,D,,-,
Ecuador,17/11/2008,CCC,C,Rating Watch negative,-,
Ecuador,30/10/2007,CCC,C,stable,-,
Ecuador,23/01/2007,CCC,C,Rating Watch negative,-,
Ecuador,29/08/2005,B-,B,negative,-,
Ecuador,7/10/2004,B-,B,stable,-,
Ecuador,26/09/2003,CCC+,C,stable,-,
Ecuador,24/03/2003,CCC+,C,positive,-,
Ecuador,8/11/2002,CCC+,C,stable,-,
"Egypt, Arab Rep.",15/06/2012,B+,B,negative,B+,negative
"Egypt, Arab Rep.",30/12/2011,BB-,B,negative,BB,negative
"Egypt, Arab Rep.",28/06/2011,BB,B,negative,BB+,negative
"Egypt, Arab Rep.",3/02/2011,BB,B,Rating Watch negative,BB+,Rating Watch negative
"Egypt, Arab Rep.",28/01/2011,BB+,B,negative,BBB-,negative
"Egypt, Arab Rep.",18/08/2008,BB+,B,stable,BBB-,stable
"Egypt, Arab Rep.",18/06/2007,BB+,B,positive,BBB,stable
"Egypt, Arab Rep.",15/12/2004,BB+,B,stable,BBB,stable
"Egypt, Arab Rep.",2/12/2003,BB+,B,stable,BBB,negative
"Egypt, Arab Rep.",21/08/2002,BB+,B,stable,BBB,stable
"Egypt, Arab Rep.",22/01/2002,BBB-,F3,negative,BBB+,negative
"Egypt, Arab Rep.",22/08/2001,BBB-,F3,stable,BBB+,stable
"Egypt, Arab Rep.",21/09/2000,BBB-,F3,stable,A-,stable
"Egypt, Arab Rep.",19/08/1997,BBB-,F3,,A-,
El Salvador,24/07/2012,BB,B,negative,BB,negative
El Salvador,29/07/2011,BB,B,stable,BB,stable
El Salvador,18/06/2009,BB,B,negative,BB,negative
El Salvador,13/10/2008,BB+,B,negative,BB+,negative
El Salvador,31/01/2005,BB+,B,stable,BB+,stable
El Salvador,21/08/2002,BB+,B,negative,BB+,negative
El Salvador,16/08/2001,BB+,B,stable,BB+,stable
El Salvador,21/09/2000,BB+,B,stable,BBB,stable
El Salvador,8/05/2000,BB+,B,,BBB,
El Salvador,5/05/1998,BB+,B,,A-,
El Salvador,23/09/1996,BB,B,,A-,
Estonia,5/07/2011,A+,F1,stable,A+,stable
Estonia,19/07/2010,A,F1,stable,A,stable
Estonia,30/03/2010,BBB+,F2,Rating Watch positive,A-,Rating Watch positive
Estonia,5/02/2010,BBB+,F2,stable,A-,stable
Estonia,8/04/2009,BBB+,F2,negative,A-,negative
Estonia,3/10/2008,A-,F1,negative,A,negative
Estonia,31/01/2008,A,F1,negative,A+,negative
Estonia,31/08/2006,A,F1,stable,A+,stable
Estonia,7/07/2004,A,F1,positive,A+,stable
Estonia,22/10/2003,A-,F1,positive,A+,stable
Estonia,30/08/2001,A-,F1,stable,A+,stable
Estonia,30/07/2001,BBB+,F2,Rating Watch positive,A,Rating Watch positive
Estonia,28/09/2000,BBB+,F2,stable,A,stable
Estonia,7/08/2000,BBB,F3,Rating Watch positive,A,Rating Watch positive
Estonia,11/09/1997,BBB,F3,,A,
Finland,21/09/2000,AAA,F1+,stable,AAA,stable
Finland,5/08/1998,AAA,F1+,,AAA,
Finland,14/07/1998,AA+,F1+,,AA+,
Finland,29/04/1997,AA+,F1+,,AAA,
Finland,12/03/1996,AA,F1+,,AAA,
Finland,26/10/1995,AA-,F1+,,AAA,
Finland,10/08/1994,AA-,,,-,
France,16/12/2011,AAA,F1+,negative,AAA,negative
France,21/09/2000,AAA,F1+,stable,AAA,stable
France,26/10/1995,AAA,F1+,,AAA,
France,10/08/1994,AAA,,,-,
Gabon,5/04/2012,BB-,B,positive,BB-,positive
Gabon,29/10/2007,BB-,B,stable,BB-,stable
"Gambia, The",6/07/2007,-,,,-,
"Gambia, The",21/12/2005,CCC,C,stable,CCC,stable
"Gambia, The",26/01/2005,CCC+,C,stable,CCC+,stable
"Gambia, The",11/11/2002,B-,B,stable,B-,stable
Georgia,15/12/2011,BB-,B,stable,BB-,stable
Georgia,3/03/2011,B+,B,positive,B+,positive
Georgia,26/08/2009,B+,B,stable,B+,stable
Georgia,7/04/2009,B+,B,Rating Watch negative,B+,Rating Watch negative
Georgia,8/08/2008,B+,B,negative,B+,negative
Georgia,18/07/2007,BB-,B,stable,BB-,stable
Germany,21/09/2000,AAA,F1+,stable,AAA,stable
Germany,26/10/1995,AAA,F1+,,AAA,
Germany,10/08/1994,AAA,,,-,
Ghana,24/09/2010,B+,B,stable,B+,stable
Ghana,3/03/2009,B+,B,negative,B+,negative
Ghana,7/02/2008,B+,B,stable,B+,stable
Ghana,1/02/2006,B+,B,positive,B+,positive
Ghana,17/03/2005,B+,B,stable,B+,stable
Ghana,2/12/2003,B,B,positive,B,positive
Greece,17/05/2012,CCC,C,,CCC,
Greece,13/03/2012,B-,B,stable,B-,stable
Greece,9/03/2012,RD,C,,RD,
Greece,22/02/2012,C,C,,C,
Greece,13/07/2011,CCC,C,,CCC,
Greece,20/05/2011,B+,B,Rating Watch negative,B+,Rating Watch negative
Greece,14/01/2011,BB+,B,negative,BB+,negative
Greece,21/12/2010,BBB-,F2,Rating Watch negative,BBB-,Rating Watch negative
Greece,9/04/2010,BBB-,F2,negative,BBB-,negative
Greece,8/12/2009,BBB+,F2,negative,BBB+,negative
Greece,22/10/2009,A-,F1,negative,A-,negative
Greece,12/05/2009,A,F1,negative,A,negative
Greece,20/10/2008,A,F1,stable,A,stable
Greece,5/03/2007,A,F1,positive,A,positive
Greece,16/12/2004,A,F1,stable,A,stable
Greece,28/09/2004,A+,F1,Rating Watch negative,A+,Rating Watch negative
Greece,20/10/2003,A+,F1,stable,A+,stable
Greece,23/10/2002,A,F1,positive,A,positive
Greece,20/06/2001,A,F1,stable,A,stable
Greece,21/09/2000,A-,F1,stable,A-,stable
Greece,27/07/2000,A-,F1,,A-,
Greece,13/03/2000,BBB+,F2,Rating Watch positive,A-,Rating Watch positive
Greece,25/10/1999,BBB+,F2,,A-,
Greece,10/08/1999,BBB,F3,Rating Watch positive,-,Rating Watch positive
Greece,4/06/1997,BBB,F3,,-,
Greece,13/11/1995,BBB-,F3,,-,
Guatemala,22/02/2006,BB+,B,stable,BB+,stable
"Hong Kong SAR, China",26/11/2010,AA+,F1+,stable,AA+,stable
"Hong Kong SAR, China",12/07/2007,AA,F1+,stable,AA+,stable
"Hong Kong SAR, China",24/07/2006,AA-,F1+,positive,AA+,stable
"Hong Kong SAR, China",16/05/2004,AA-,F1+,stable,AA+,stable
"Hong Kong SAR, China",24/04/2003,AA-,F1+,negative,AA+,negative
"Hong Kong SAR, China",25/06/2001,AA-,F1+,stable,AA+,stable
"Hong Kong SAR, China",21/09/2000,A+,F1+,stable,AA+,stable
"Hong Kong SAR, China",14/11/1996,A+,F1+,,AA+,
"Hong Kong SAR, China",24/11/1995,A+,F1+,,-,
"Hong Kong SAR, China",26/10/1995,A+,F1,,-,
"Hong Kong SAR, China",9/08/1995,A+,,,-,
"Hong Kong SAR, China",10/08/1994,AA-,,,-,
Hungary,6/01/2012,BB+,B,negative,BBB-,negative
Hungary,11/11/2011,BBB-,F3,negative,BBB,negative
Hungary,6/06/2011,BBB-,F3,Stable,BBB,Stable
Hungary,23/12/2010,BBB-,F3,negative,BBB,negative
Hungary,2/03/2009,BBB,F3,negative,BBB+,negative
Hungary,9/11/2008,BBB,F3,stable,BBB+,stable
Hungary,15/10/2008,BBB+,F2,negative,A-,negative
Hungary,5/11/2007,BBB+,F2,stable,A-,stable
Hungary,20/09/2006,BBB+,F2,negative,A-,negative
Hungary,6/12/2005,BBB+,F2,stable,A-,stable
Hungary,12/01/2005,A-,F2,negative,A,stable
Hungary,15/07/2003,A-,F2,negative,A+,negative
Hungary,30/11/2000,A-,F2,stable,A+,stable
Hungary,21/09/2000,BBB+,F2,positive,A,positive
Hungary,29/10/1999,BBB+,F2,,A,
Hungary,2/07/1998,BBB,F3,,A,
Hungary,24/06/1997,BBB,F3,,A-,
Hungary,23/05/1997,BBB-,F3,Rating Watch positive,BBB+,Rating Watch positive
Hungary,25/04/1996,BBB-,F3,,BBB+,
Iceland,17/02/2012,BBB-,f3,stable,BBB+,stable
Iceland,17/05/2011,BB+,B,stable,BBB+,stable
Iceland,5/01/2010,BB+,B,negative,BBB+,negative
Iceland,23/12/2009,BBB-,F3,negative,A-,negative
Iceland,8/10/2008,BBB-,F3,Rating Watch negative,A-,Rating Watch negative
Iceland,30/09/2008,A-,F2,Rating Watch negative,AA,Rating Watch negative
Iceland,1/04/2008,A+,F1,negative,AA+,negative
Iceland,15/03/2007,A+,F1,stable,AA+,stable
Iceland,21/02/2006,AA-,F1+,negative,AAA,negative
Iceland,31/03/2003,AA-,F1+,stable,AAA,stable
Iceland,15/02/2002,AA-,F1+,negative,AAA,negative
Iceland,21/09/2000,AA-,F1+,stable,AAA,stable
Iceland,3/02/2000,AA-,F1+,,AAA,
India,18/06/2012,BBB-,F3,negative,BBB-,negative
India,14/06/2010,BBB-,F3,stable,BBB-,stable
India,15/07/2008,BBB-,F3,stable,BBB-,negative
India,1/08/2006,BBB-,F3,stable,BBB-,stable
India,21/01/2004,BB+,B,stable,BB+,stable
India,22/11/2001,BB,B,stable,BB+,stable
India,31/05/2001,BB+,B,negative,BBB-,negative
India,21/09/2000,BB+,B,stable,BBB-,stable
India,8/03/2000,BB+,B,,BBB-,
Indonesia,15/12/2011,BBB-,F3,stable,BBB-,stable
Indonesia,24/02/2011,BB+,B,positive,BB+,positive
Indonesia,25/01/2010,BB+,B,stable,BB+,stable
Indonesia,14/02/2008,BB,B,stable,BB,stable
Indonesia,28/01/2007,BB-,B,positive,BB-,positive
Indonesia,13/02/2006,BB-,B,stable,BB-,stable
Indonesia,26/01/2005,BB-,B,positive,BB-,positive
Indonesia,4/10/2004,B+,B,positive,B+,positive
Indonesia,20/11/2003,B+,B,stable,B+,stable
Indonesia,1/08/2002,B,B,stable,B,stable
Indonesia,30/11/2001,B-,B,stable,B-,stable
Indonesia,14/09/2001,B-,B,positive,B-,positive
Indonesia,21/09/2000,B-,B,stable,B-,negative
Indonesia,19/05/2000,B-,B,,B+,
Indonesia,26/04/1999,B-,B,,BB-,
Indonesia,16/03/1998,B-,B,Rating Watch negative,BB+,Rating Watch negative
Indonesia,21/01/1998,B+,B,Rating Watch negative,BBB-,Rating Watch negative
Indonesia,8/01/1998,BB-,B,,BBB-,
Indonesia,22/12/1997,BB+,B,,BBB+,
Indonesia,17/12/1997,BBB-,F3,Rating Watch negative,A,Rating Watch negative
Indonesia,4/06/1997,BBB-,F3,,A,
"Iran, Islamic Rep.",24/04/2008,-,,,-,
"Iran, Islamic Rep.",24/04/2006,B+,B,stable,B+,stable
"Iran, Islamic Rep.",6/02/2006,BB-,B,negative,BB-,negative
"Iran, Islamic Rep.",14/12/2004,BB-,B,stable,BB-,stable
"Iran, Islamic Rep.",9/12/2003,B+,B,positive,B+,positive
"Iran, Islamic Rep.",10/05/2002,B+,B,stable,B+,stable
Ireland,27/01/2012,BBB+,F2,negative,BBB+,negative
Ireland,16/12/2011,BBB+,F2,Rating Watch negative,BBB+,Rating Watch negative
Ireland,14/04/2011,BBB+,F2,negative,BBB+,negative
Ireland,1/04/2011,BBB+,F2,rating watch negative,BBB+,rating watch negative
Ireland,9/12/2010,BBB+,F2,stable,BBB+,stable
Ireland,6/10/2010,A+,F1,negative,A+,negative
Ireland,4/11/2009,AA-,F1+,stable,AA-,stable
Ireland,8/04/2009,AA+,F1+,negative,AA+,negative
Ireland,6/03/2009,AAA,F1+,Rating Watch negative,AAA,Rating Watch negative
Ireland,21/09/2000,AAA,F1+,stable,AAA,stable
Ireland,16/12/1998,AAA,F1+,,AAA,
Ireland,14/07/1998,AA+,F1+,,AA+,
Ireland,26/10/1995,AA+,F1+,,AAA,
Ireland,10/10/1994,AA+,,,-,
Israel,11/02/2008,A,F1,stable,A+,stable
Israel,18/12/2006,A-,F1,positive,A,positive
Israel,14/02/2005,A-,F1,stable,A,stable
Israel,16/12/2003,A-,F1,stable,A,negative
Israel,22/10/2002,A-,F1,negative,A,negative
Israel,22/10/2001,A-,F1,negative,A+,negative
Israel,21/05/2001,A-,F1,Rating Watch negative,A+,Rating Watch negative
Israel,21/09/2000,A-,F1,stable,A+,stable
Israel,6/05/1999,A-,F1,,A+,
Israel,11/12/1995,A-,F2,,-,
Israel,24/11/1995,BBB+,F2,,-,
Italy,27/01/2012,A-,F2,negative,A-,negative
Italy,16/12/2011,A+,F1,Rating Watch negative,A+,Rating Watch negative
Italy,7/10/2011,A+,F1,negative,A+,negative
Italy,19/10/2006,AA-,F1+,stable,AA-,stable
Italy,25/05/2006,AA,F1+,Rating Watch negative,AA,Rating Watch negative
Italy,29/06/2005,AA,F1+,negative,AA,negative
Italy,17/06/2002,AA,F1+,stable,AA,stable
Italy,21/09/2000,AA-,F1+,stable,AA-,stable
Italy,14/07/1998,AA-,F1+,,AA-,
Italy,26/10/1995,AA-,F1+,,AAA,
Italy,23/02/1995,AA-,,,-,
Italy,10/08/1994,AA,,,-,
Jamaica,16/02/2010,B-,B,stable,B-,stable
Jamaica,3/02/2010,CCC,C,Rating Watch positive,CCC,Rating Watch positive
Jamaica,3/02/2010,RD,D,,RD,
Jamaica,14/01/2010,CCC,C,negative,C,negative
Jamaica,24/11/2009,CCC,C,negative,CCC,negative
Jamaica,18/11/2008,B,B,negative,B,negative
Jamaica,29/08/2006,B+,B+,stable,B+,stable
Japan,22/05/2012,A+,F1+,negative,A+,negative
Japan,27/05/2011,AA,F1+,negative,AA-,negative
Japan,9/05/2005,AA,F1+,stable,AA-,stable
Japan,21/11/2002,AA,F1+,negative,AA-,negative
Japan,26/11/2001,AA,F1+,negative,AA,negative
Japan,2/03/2001,AA+,F1+,negative,AA+,negative
Japan,21/09/2000,AA+,F1+,stable,AA+,stable
Japan,29/06/2000,AA+,F1+,,AA+,
Japan,21/09/1998,AA+,F1+,,AAA,
Japan,1/09/1998,AAA,F1+,Rating Watch negative,AAA,Rating Watch negative
Japan,26/10/1995,AAA,F1+,,AAA,
Japan,10/08/1994,AAA,,,-,
Kazakhstan,21/11/2011,BBB,F3,positive,BBB+,positive
Kazakhstan,20/12/2010,BBB-,F3,positive,BBB,positive
Kazakhstan,16/12/2009,BBB-,F3,stable,BBB,stable
Kazakhstan,5/06/2009,BBB-,F3,negative,BBB,negative
Kazakhstan,19/02/2009,BBB-,F3,Rating Watch negative,BBB,Rating Watch negative
Kazakhstan,9/11/2008,BBB-,F3,negative,BBB,negative
Kazakhstan,17/12/2007,BBB,F3,negative,BBB+,negative
Kazakhstan,8/10/2007,BBB,F3,stable,BBB+,stable
Kazakhstan,21/12/2006,BBB,F3,positive,BBB+,positive
Kazakhstan,20/12/2005,BBB,F3,stable,BBB+,stable
Kazakhstan,27/10/2004,BBB-,F3,stable,BBB,stable
Kazakhstan,19/11/2003,BB+,B,positive,BBB-,positive
Kazakhstan,11/10/2002,BB+,B,stable,BBB-,stable
Kazakhstan,12/07/2001,BB,B,stable,BB+,stable
Kazakhstan,21/09/2000,BB-,B,stable,BB,stable
Kazakhstan,5/05/2000,BB-,B,,BB,
Kazakhstan,15/02/1999,BB-,B,,BBB-,
Kazakhstan,27/01/1998,BB,B,,BBB-,
Kazakhstan,5/11/1996,BB-,B,,-,
Kenya,16/01/2009,B+,B,stable,BB-,stable
Kenya,30/01/2008,B+,B,negative,BB-,negative
Kenya,12/12/2007,B+,B,stable,BB-,stable
"Korea, Rep.",7/11/2011,A+,F1,positive,AA,positive
"Korea, Rep.",1/09/2009,A+,F1,stable,AA,stable
"Korea, Rep.",9/11/2008,A+,F1,negative,AA,negative
"Korea, Rep.",23/10/2005,A+,F1,stable,AA,stable
"Korea, Rep.",19/09/2005,A,F1,Rating Watch positive,AA-,Rating Watch positive
"Korea, Rep.",27/06/2002,A,F1,stable,AA-,stable
"Korea, Rep.",13/05/2002,BBB+,F2,Rating Watch positive,A,Rating Watch positive
"Korea, Rep.",21/09/2000,BBB+,F2,stable,A,stable
"Korea, Rep.",29/03/2000,BBB+,F2,,A,
"Korea, Rep.",24/06/1999,BBB,F2,,A-,
"Korea, Rep.",26/04/1999,BBB-,F3,Rating Watch positive,A-,Rating Watch positive
"Korea, Rep.",19/01/1999,BBB-,F3,,A-,
"Korea, Rep.",22/12/1998,BB+,B,Rating Watch positive,A-,Rating Watch positive
"Korea, Rep.",19/06/1998,BB+,B,,A-,
"Korea, Rep.",3/02/1998,BB+,B,Rating Watch positive,A-,Rating Watch positive
"Korea, Rep.",21/01/1998,B-,B,Rating Watch positive,BBB-,Rating Watch positive
"Korea, Rep.",23/12/1997,B-,B,Rating Watch negative,BBB-,Rating Watch negative
"Korea, Rep.",12/12/1997,BBB-,F3,Rating Watch negative,A,Rating Watch negative
"Korea, Rep.",11/12/1997,BBB-,F3,Rating Watch negative,AA,Rating Watch negative
"Korea, Rep.",26/11/1997,A,F2,,AA,
"Korea, Rep.",18/11/1997,A+,F1,,AA+,
"Korea, Rep.",27/06/1996,AA-,F1+,,AAA,
Kuwait,4/09/2008,AA,F1+,stable,AA,stable
Kuwait,10/06/2002,AA-,F1+,stable,AA,stable
Kuwait,24/08/2001,A+,F1,positive,AA,positive
Kuwait,12/06/2001,A+,F1,positive,-,positive
Kuwait,21/09/2000,A,F1,positive,-,positive
Kuwait,20/12/1995,A,F1,,-,
Latvia,13/12/2011,BBB-,F3,stable,BBB,stable
Latvia,15/03/2011,BBB-,F3,positive,BBB,positive
Latvia,3/09/2010,BB+,B,stable,BBB-,stable
Latvia,8/04/2009,BB+,B,negative,BBB-,negative
Latvia,23/12/2008,BBB-,F3,negative,BBB,negative
Latvia,12/11/2008,BBB-,F3,Rating Watch negative,BBB,Rating Watch negative
Latvia,3/10/2008,BBB,F3,negative,BBB+,negative
Latvia,31/01/2008,BBB+,F2,negative,A-,negative
Latvia,17/08/2007,BBB+,F2,stable,A-,stable
Latvia,5/04/2007,A-,F2,negative,A,negative
Latvia,26/08/2005,A-,F2,stable,A,stable
Latvia,7/07/2004,A-,F2,positive,A,stable
Latvia,4/11/2003,BBB+,F3,positive,A,stable
Latvia,21/07/2003,BBB+,F3,stable,A,stable
Latvia,17/07/2001,BBB,F3,positive,A,positive
Latvia,21/09/2000,BBB,F3,stable,A,stable
Latvia,29/06/1998,BBB,F3,,A,
Lebanon,31/03/2010,B,B,stable,B,stable
Lebanon,14/07/2006,B-,B,stable,B-,stable
Lebanon,18/11/2005,B-,B,positive,B-,positive
Lebanon,21/09/2001,B-,B,stable,B-,stable
Lebanon,2/02/2001,B+,B,stable,B+,stable
Lebanon,21/09/2000,BB-,B,negative,BB,negative
Lebanon,30/06/1999,BB-,B,,BB,
Lebanon,4/06/1998,BB-,B,,BB+,
Lebanon,11/02/1998,BB,B,Rating Watch negative,BBB-,Rating Watch negative
Lebanon,26/02/1997,BB,B,,BBB-,
Lesotho,31/05/2011,BB-,B,negative,BB,negative
Lesotho,27/04/2010,BB-,B,stable,BB,negative
Lesotho,18/09/2006,BB-,B,stable,BB,stable
Lesotho,4/11/2005,BB-,B,negative,BB+,negative
Lesotho,30/11/2004,BB-,B,stable,BB+,stable
Lesotho,26/09/2003,B+,B,positive,BB,positive
Lesotho,2/09/2002,B+,B,stable,BB,stable
Libya,13/04/2011,-,,,-,
Libya,13/04/2011,B,B,stable,B,stable
Libya,1/03/2011,BB,B,Rating Watch negative,BB,Rating Watch negative
Libya,21/02/2011,BBB,F3,Rating Watch negative,BBB,Rating Watch negative
Libya,7/05/2009,BBB+,F2,stable,BBB+,stable
Lithuania,13/12/2011,BBB,F3,stable,BBB+,stable
Lithuania,4/05/2011,BBB,F3,positive,BBB+,positive
Lithuania,8/03/2010,BBB,F3,stable,BBB+,stable
Lithuania,8/04/2009,BBB,F3,negative,BBB+,negative
Lithuania,22/12/2008,BBB+,F2,negative,A-,negative
Lithuania,3/10/2008,A-,F1,negative,A,negative
Lithuania,7/12/2007,A,F1,negative,A+,negative
Lithuania,23/10/2006,A,F1,stable,A+,stable
Lithuania,7/07/2004,A-,F2,positive,A,stable
Lithuania,28/01/2004,BBB+,F2,positive,A,stable
Lithuania,4/11/2003,BBB,F3,positive,A-,stable
Lithuania,17/12/2002,BBB,F3,stable,A-,stable
Lithuania,28/02/2002,BBB-,F3,positive,BBB+,positive
Lithuania,16/05/2001,BBB-,F3,stable,BBB+,stable
Lithuania,21/09/2000,BB+,B,stable,BBB+,stable
Lithuania,28/01/1997,BB+,B,,BBB+,
Luxembourg,21/09/2000,AAA,F1+,stable,AAA,stable
Luxembourg,26/10/1995,AAA,F1+,,AAA,
Luxembourg,10/08/1994,AAA,,,-,
"Macedonia, FYR",27/10/2010,BB+,B,stable,BB+,stable
"Macedonia, FYR",21/05/2009,BB+,B,negative,BB+,negative
"Macedonia, FYR",4/11/2008,BB+,B,stable,BB+,stable
"Macedonia, FYR",14/08/2007,BB+,B,positive,BB+,positive
"Macedonia, FYR",13/06/2006,BB+,B,stable,BB+,stable
"Macedonia, FYR",1/11/2005,BB,B,positive,BB,positive
Malawi,25/08/2009,-,,,-,
Malawi,6/03/2007,B-,B,stable,B-,stable
Malawi,21/12/2005,CCC,C,positive,CCC,positive
Malawi,30/07/2004,CCC+,C,positive,CCC+,positive
Malawi,20/05/2003,CCC+,C,stable,CCC+,stable
Malaysia,9/06/2009,A-,F2,stable,A,stable
Malaysia,1/02/2009,A-,F2,stable,A+,negative
Malaysia,9/11/2008,A-,F2,stable,A+,stable
Malaysia,22/01/2008,A-,F2,positive,A+,stable
Malaysia,8/11/2004,A-,F2,stable,A+,stable
Malaysia,6/04/2004,BBB+,F2,positive,A,positive
Malaysia,7/08/2002,BBB+,F2,stable,A,stable
Malaysia,9/04/2002,BBB,F2,positive,A-,positive
Malaysia,12/09/2001,BBB,F2,stable,A-,stable
Malaysia,21/09/2000,BBB,F2,positive,A-,positive
Malaysia,7/12/1999,BBB,F2,,A-,
Malaysia,9/09/1999,BBB-,F3,Rating Watch positive,BBB,Rating Watch positive
Malaysia,26/04/1999,BBB-,F3,,BBB,
Malaysia,9/09/1998,BB,B,,BBB,
Malaysia,13/08/1998,BBB-,F3,,A-,
Mali,4/12/2009,-,,,-,
Mali,30/04/2004,B-,B,stable,B-,stable
Malta,12/07/2007,A+,F1,stable,A+,stable
Malta,4/11/2003,A,F1,positive,AA-,stable
Malta,21/09/2000,A,F1,stable,AA-,stable
Malta,23/06/1998,A,F1,,AA-,
Malta,20/07/1996,A,F1,,-,
Mexico,23/11/2009,BBB,F2,stable,BBB+,stable
Mexico,10/11/2008,BBB+,F2,negative,A-,negative
Mexico,19/09/2007,BBB+,F2,stable,A-,stable
Mexico,29/03/2007,BBB,F3,positive,BBB+,positive
Mexico,7/12/2005,BBB,F3,stable,BBB+,stable
Mexico,15/01/2002,BBB-,F3,stable,BBB,stable
Mexico,21/09/2000,BB+,B,positive,BBB,positive
Mexico,3/05/2000,BB+,B,,BBB,
Mexico,11/04/2000,BB,B,Rating Watch positive,BBB-,Rating Watch positive
Mexico,15/09/1997,BB,B,,BBB-,
Mexico,26/10/1995,BB,B,,-,
Mexico,30/08/1995,BB,,,-,
Moldova,17/12/2009,-,,,-,
Moldova,15/09/2008,B-,B,stable,B,stable
Moldova,18/06/2007,B-,B,positive,B,positive
Moldova,4/02/2003,B-,B,stable,B,stable
Moldova,18/11/2002,DD,D,Rating Watch positive,CCC,Rating Watch positive
Moldova,28/06/2002,DD,D,stable,CCC,stable
Moldova,26/06/2001,CC,C,negative,CCC,negative
Moldova,7/06/2001,CCC+,C,negative,B,negative
Moldova,21/09/2000,B-,B,stable,B,stable
Moldova,25/11/1999,B-,B,,B,
Moldova,30/07/1998,B,B,,B+,
Mongolia,23/11/2010,B+,B,stable,B+,stable
Mongolia,11/10/2009,B,B,stable,B,stable
Mongolia,19/01/2009,B,B,negative,B,negative
Mongolia,10/12/2008,B+,B,negative,B+,negative
Mongolia,3/06/2008,B+,B,stable,B+,stable
Mongolia,20/09/2007,B+,B,positive,B+,positive
Mongolia,18/07/2005,B+,B,stable,B+,stable
Morocco,19/04/2007,BBB-,F3,stable,BBB,stable
Mozambique,20/07/2012,B,B,positive,B+,stable
Mozambique,15/07/2003,B,B,stable,B+,stable
Namibia,9/12/2011,BBB-,F3,stable,BBB,stable
Namibia,13/12/2010,BBB-,F3,positive,BBB,positive
Namibia,7/12/2005,BBB-,F3,stable,BBB,stable
Nigeria,21/10/2011,BB-,B,stable,BB,stable
Nigeria,22/10/2010,BB-,B,negative,BB,negative
Nigeria,23/05/2008,BB-,B,stable,BB,stable
Nigeria,30/01/2006,BB-,B,stable,BB-,stable
Netherlands,21/09/2000,AAA,F1+,stable,AAA,stable
Netherlands,26/10/1995,AAA,F1+,,AAA,
Netherlands,10/08/1994,AAA,,,-,
New Zealand,29/09/2011,AA,F1+,stable,AA+,stable
New Zealand,15/07/2009,AA+,F1+,negative,AAA,negative
New Zealand,18/08/2003,AA+,F1+,stable,AAA,stable
New Zealand,27/03/2002,AA,F1+,stable,AAA,stable
Norway,21/09/2000,AAA,F1+,stable,AAA,stable
Norway,26/10/1995,AAA,F1+,,AAA,
Norway,13/03/1995,AAA,,,-,
Panama,2/06/2011,BBB,F3,Stable,BBB,Stable
Panama,23/03/2010,BBB-,F3,positive,BBB-,positive
Panama,29/01/2008,BB+,B,positive,BB+,positive
Panama,3/12/2003,BB+,B,stable,BB+,stable
Panama,24/10/2002,BB+,B,negative,BB+,negative
Panama,4/09/2002,BB+,B,Rating Watch negative,BB+,Rating Watch negative
Panama,21/09/2000,BB+,B,stable,BB+,stable
Panama,20/07/2000,BB+,B,,BB+,
Panama,14/02/2000,BB+,B,Rating Watch positive,BB+,Rating Watch positive
Panama,8/09/1998,BB+,B,,BB+,
Papua New Guinea,24/01/2010,-,,,-,
Papua New Guinea,13/03/2008,B+,B,stable,B+,stable
Papua New Guinea,9/01/2007,B,B,positive,B+,stable
Papua New Guinea,10/07/2003,B,B,stable,B+,stable
Papua New Guinea,21/09/2000,B+,B,stable,BB-,stable
Papua New Guinea,1/01/1999,B+,B,,BB-,
Peru,10/11/2011,BBB,F2,stable,BBB+,stable
Peru,2/06/2010,BBB-,F3,positive,BBB,positive
Peru,2/04/2008,BBB-,F3,stable,BBB,stable
Peru,6/03/2007,BB+,B,positive,BBB-,positive
Peru,31/08/2006,BB+,B,stable,BBB-,stable
Peru,4/11/2005,BB,B,positive,BB+,positive
Peru,18/11/2004,BB,B,stable,BB+,stable
Peru,4/06/2004,BB-,B,positive,BB+,stable
Peru,22/10/2003,BB-,B,stable,BB+,stable
Peru,21/08/2002,BB-,B,negative,BB+,negative
Peru,29/04/2002,BB-,B,stable,BB+,stable
Peru,18/04/2001,BB-,B,negative,BB+,negative
Peru,8/11/2000,BB,B,Rating Watch negative,BBB-,Rating Watch negative
Peru,21/09/2000,BB,B,stable,BBB-,stable
Peru,14/10/1999,BB,B,,BBB-,
Philippines,23/06/2011,BB+,B,stable,BBB-,stable
Philippines,13/02/2006,BB,B,stable,BB+,stable
Philippines,11/07/2005,BB,B,negative,BB+,negative
Philippines,26/05/2005,BB,B,stable,BB+,stable
Philippines,7/12/2004,BB,B,negative,BB+,negative
Philippines,12/06/2003,BB,B,stable,BB+,stable
Philippines,25/11/2002,BB+,B,negative,BBB-,negative
Philippines,15/03/2001,BB+,B,stable,BBB-,stable
Philippines,17/01/2001,BB+,B,Rating Watch negative,BBB,Rating Watch negative
Philippines,21/09/2000,BB+,B,stable,BBB,stable
Philippines,8/07/1999,BB+,B,,BBB,
Poland,18/01/2007,A-,F2,stable,A,stable
Poland,23/03/2005,BBB+,F2,positive,A,stable
Poland,6/05/2004,BBB+,F2,stable,A,stable
Poland,4/11/2003,BBB+,F2,positive,A+,stable
Poland,21/09/2000,BBB+,F2,stable,A+,stable
Poland,19/11/1998,BBB+,F2,,A+,
Poland,7/06/1996,BBB,F3,,A-,
Poland,29/04/1996,BB+,B,Rating Watch positive,-,Rating Watch positive
Poland,26/10/1995,BB+,B,,-,
Portugal,24/11/2011,BB+,B,negative,BB+,negative
Portugal,1/04/2011,BBB-,F3,Rating Watch negative,BBB-,Rating Watch negative
Portugal,24/03/2011,A-,F2,Rating Watch negative,A-,Rating Watch negative
Portugal,23/12/2010,A+,F1,negative,A+,negative
Portugal,24/03/2010,AA-,F1+,negative,AA-,negative
Portugal,3/09/2009,AA,F1+,negative,AA,negative
Portugal,1/05/2007,AA,F1+,stable,AA,stable
Portugal,29/06/2005,AA,F1+,negative,AA,negative
Portugal,21/09/2000,AA,F1+,stable,AA,stable
Portugal,14/07/1998,AA,F1+,,AA,
Portugal,4/06/1998,AA,F1+,,AAA,
Portugal,26/10/1995,AA-,F1+,,AAA,
Portugal,10/08/1994,AA-,,,-,
United Arab Emirates,23/01/2008,A,F1,stable,A,stable
Romania,4/07/2011,BBB-,F3,stable,BBB,stable
Romania,2/02/2010,BB+,B,stable,BBB-,stable
Romania,9/11/2008,BB+,B,negative,BBB-,negative
Romania,31/01/2008,BBB,F3,negative,BBB+,negative
Romania,31/08/2006,BBB,F3,stable,BBB+,stable
Romania,17/11/2004,BBB-,F3,stable,BBB,stable
Romania,23/08/2004,BB,B,positive,BB+,positive
Romania,18/12/2003,BB,B,stable,BB+,stable
Romania,24/09/2003,BB-,B,Rating Watch positive,BB,Rating Watch positive
Romania,30/10/2002,BB-,B,stable,BB,stable
Romania,14/06/2002,B+,B,stable,BB-,stable
Romania,14/11/2001,B,B,positive,B+,positive
Romania,16/11/2000,B,B,stable,B,stable
Romania,21/09/2000,B-,B,stable,B-,stable
Romania,24/03/1999,B-,B,,B-,
Romania,23/12/1998,B,B,,BB-,
Romania,23/09/1998,BB-,B,Rating Watch negative,BBB-,Rating Watch negative
Romania,11/09/1997,BB-,B,,BBB-,
Romania,6/03/1996,BB-,B,,-,
Russian Federation,16/01/2012,BBB,F3,stable,BBB,stable
Russian Federation,8/09/2010,BBB,F3,positive,BBB,positive
Russian Federation,22/01/2010,BBB,F3,stable,BBB,stable
Russian Federation,4/02/2009,BBB,F3,negative,BBB,negative
Russian Federation,9/11/2008,BBB+,F2,negative,BBB+,negative
Russian Federation,25/07/2006,BBB+,F2,stable,BBB+,stable
Russian Federation,3/08/2005,BBB,F3,stable,BBB,stable
Russian Federation,18/11/2004,BBB-,F3,stable,BBB-,stable
Russian Federation,13/05/2003,BB+,B,stable,BB+,stable
Russian Federation,2/05/2002,BB-,B,positive,BB-,positive
Russian Federation,4/10/2001,B+,B,stable,B,stable
Russian Federation,17/07/2001,B,B,positive,B-,positive
Russian Federation,21/09/2000,B,B,stable,B-,stable
Russian Federation,29/08/2000,B,B,,B-,
Russian Federation,8/05/2000,B-,B,,-,
Russian Federation,14/02/2000,CCC,C,Rating Watch positive,-,Rating Watch positive
Russian Federation,27/08/1998,CCC,C,,-,
Russian Federation,17/08/1998,B-,B,Rating Watch negative,-,Rating Watch negative
Russian Federation,30/07/1998,BB-,B,,-,
Russian Federation,7/06/1998,BB,B,Rating Watch negative,-,Rating Watch negative
Russian Federation,5/06/1998,BB+,B,Rating Watch negative,-,Rating Watch negative
Russian Federation,10/03/1998,BB+,B,,-,
Russian Federation,12/02/1998,BB+,B,Rating Watch negative,-,Rating Watch negative
Russian Federation,7/10/1996,BB+,B,,-,
Rwanda,24/08/2010,B,B,stable,B,stable
Rwanda,16/12/2006,B-,B,positive,B-,positive
San Marino,23/07/2012,BBB+,F2,negative,-,
San Marino,22/10/2009,A,F1,negative,-,
San Marino,13/05/2009,AA-,F1+,Rating Watch negative,-,
San Marino,10/01/2001,AA,F1+,stable,-,
Saudi Arabia,9/07/2008,AA-,F1+,stable,AA-,stable
Saudi Arabia,31/07/2007,A+,F1,positive,A+,positive
Saudi Arabia,17/08/2006,A+,F1,stable,A+,stable
Saudi Arabia,24/11/2004,A,F1,stable,A,stable
Serbia,16/08/2012,BB-,B,negative,BB-,negative
Serbia,11/11/2010,BB-,B,stable,BB-,stable
Serbia,23/12/2008,BB-,B,negative,BB-,negative
Serbia,19/05/2005,BB-,B,stable,BB-,stable
Seychelles,3/02/2011,B,B,stable,B+,stable
Seychelles,1/02/2010,B-,B,positive,B,positive
Singapore,14/05/2003,AAA,F1+,stable,AAA,stable
Singapore,21/09/2000,AA+,F1+,stable,AAA,stable
Singapore,18/11/1998,AA+,F1+,,AAA,
Slovak Republic,8/07/2008,A+,F1,stable,A+,stable
Slovak Republic,7/05/2008,A,F1,Rating Watch positive,A+,stable
Slovak Republic,23/07/2007,A,F1,positive,A+,stable
Slovak Republic,11/10/2005,A,F1,stable,A+,stable
Slovak Republic,21/09/2004,A-,F2,stable,A+,stable
Slovak Republic,22/01/2004,BBB+,F2,positive,A,stable
Slovak Republic,4/11/2003,BBB,F3,positive,A-,stable
Slovak Republic,3/03/2003,BBB,F3,stable,A-,stable
Slovak Republic,1/11/2002,BBB-,F3,positive,BBB+,positive
Slovak Republic,20/02/2001,BB+,B,positive,BBB+,positive
Slovak Republic,21/09/2000,BB+,B,stable,BBB+,stable
Slovak Republic,22/12/1998,BB+,B,,BBB+,
Slovak Republic,5/10/1998,BBB-,F3,Rating Watch negative,A-,Rating Watch negative
Slovak Republic,8/08/1996,BBB-,F3,,A-,
Slovak Republic,8/08/2012,A-,F2,negative,A-,negative
Slovak Republic,27/01/2012,A,F1,negative,A,negative
Slovak Republic,16/12/2011,AA-,F1+,Rating Watch negative,AA-,Rating watch negative
Slovak Republic,28/09/2011,AA-,F1+,negative,AA-,negative
Slovak Republic,12/07/2006,AA,F1+,stable,AA,stable
Slovak Republic,7/07/2004,AA-,F1+,positive,AA,stable
Slovak Republic,4/11/2003,A+,F1,positive,AA,stable
Slovak Republic,6/05/2003,A+,F1,stable,AA,stable
Slovak Republic,29/05/2002,A,F1,positive,AA,positive
Slovak Republic,21/09/2000,A,F1,stable,AA,stable
Slovak Republic,15/12/1999,A,F1,,AA,
Slovak Republic,9/05/1996,A-,F1,,AA-,
South Africa,13/01/2012,BBB+,F2,negative,A,negative
South Africa,17/01/2011,BBB+,F2,stable,A,stable
South Africa,9/11/2008,BBB+,F2,negative,i,negative
South Africa,17/06/2008,BBB+,F2,stable,A,stable
South Africa,25/07/2007,BBB+,F2,positive,A,positive
South Africa,25/08/2005,BBB+,F2,stable,A,stable
South Africa,21/10/2004,BBB,F3,positive,A-,positive
South Africa,2/05/2003,BBB,F3,stable,A-,stable
South Africa,11/03/2003,BBB-,F3,Rating Watch positive,BBB+,Rating Watch positive
South Africa,20/08/2002,BBB-,F3,positive,BBB+,positive
South Africa,21/09/2000,BBB-,F3,stable,BBB+,stable
South Africa,27/06/2000,BBB-,F3,,BBB+,
South Africa,19/05/2000,BB+,B,,BBB+,
South Africa,28/05/1998,BB,B,,BBB,
South Africa,17/02/1998,BB,B,Rating Watch positive,BBB,Rating Watch positive
South Africa,5/06/1996,BB,B,,BBB,
South Africa,26/10/1995,BB,B,,-,
South Africa,22/09/1994,BB,,,-,
Spain,7/06/2012,BBB,F2,negative,BBB,negative
Spain,27/01/2012,A,F1,negative,A,negative
Spain,16/12/2011,AA-,F1+,Rating Watch negative,AA-,Rating Watch negative
Spain,7/10/2011,AA-,F1+,negative,AA-,negative
Spain,4/03/2011,AA+,F1+,negative,AA+,negative
Spain,28/05/2010,AA+,F1+,stable,AA+,stable
Spain,10/12/2003,AAA,F1+,stable,AAA,stable
Spain,21/09/2000,AA+,F1+,stable,AA+,stable
Spain,1/09/1999,AA+,F1+,,AA+,
Spain,14/07/1998,AA,F1+,,AA,
Spain,26/10/1995,AA,F1+,,AAA,
Spain,10/08/1994,AA,,,-,
Sri Lanka,18/07/2011,BB-,B,stable,BB-,stable
Sri Lanka,21/09/2010,B+,B,positive,B+,positive
Sri Lanka,9/10/2009,B+,B,stable,B+,stable
Sri Lanka,27/02/2009,B+,B,negative,B+,negative
Sri Lanka,2/04/2008,B+,B,stable,B+,stable
Sri Lanka,27/04/2006,BB-,B,negative,BB-,negative
Sri Lanka,8/12/2005,BB-,B,stable,BB-,stable
Suriname,10/07/2012,BB-,B,stable,BB-,stable
Suriname,29/07/2011,B+,,stable,B+,stable
Suriname,20/10/2009,B,,positive,B+,stable
Suriname,18/06/2004,B,,stable,B+,stable
Sweden,8/03/2004,AAA,F1+,stable,AAA,stable
Sweden,4/03/2002,AA+,F1+,stable,AAA,stable
Sweden,18/07/2001,AA,F1+,positive,AAA,positive
Sweden,21/09/2000,AA,F1+,stable,AAA,stable
Sweden,27/01/1999,AA,F1+,,AAA,
Sweden,26/10/1995,AA-,F1+,,AAA,
Sweden,22/12/1994,AA-,,,-,
Sweden,10/08/1994,AA,,,-,
Switzerland,21/09/2000,AAA,F1+,stable,AAA,stable
Switzerland,26/10/1995,AAA,F1+,,AAA,
Switzerland,10/08/1994,AAA,,,-,
Taiwan,18/01/2009,A+,F1,stable,AA,negative
Taiwan,19/11/2001,A+,F1,stable,AA,stable
Thailand,12/05/2011,BBB,F3,stable,A-,stable
Thailand,19/04/2010,BBB,F3,stable,A-,negative
Thailand,16/04/2009,BBB,F3,stable,A-,stable
Thailand,1/12/2008,BBB+,F2,negative,A,negative
Thailand,22/10/2006,BBB+,F2,stable,A,stable
Thailand,19/09/2006,BBB+,F2,Rating Watch negative,A,Rating Watch negative
Thailand,10/05/2005,BBB+,F2,stable,A,stable
Thailand,3/03/2004,BBB,F3,positive,A-,positive
Thailand,3/09/2003,BBB,F3,stable,A-,stable
Thailand,10/10/2002,BBB-,F3,positive,BBB+,positive
Thailand,21/09/2000,BBB-,F3,stable,BBB+,stable
Thailand,24/06/1999,BBB-,F3,,BBB+,
Thailand,26/04/1999,BB+,B,Rating Watch positive,BBB+,Rating Watch positive
Thailand,14/05/1998,BB+,B,,BBB+,
Tunisia,2/03/2011,BBB-,F3,negative,BBB,negative
Tunisia,14/01/2011,BBB,F2,Rating Watch negative,A-,Rating Watch negative
Tunisia,24/05/2001,BBB,F2,stable,A-,stable
Tunisia,21/09/2000,BBB-,F3,positive,A-,positive
Tunisia,26/09/1996,BBB-,F3,,A-,
Tunisia,26/10/1995,BBB-,F3,,-,
Tunisia,14/09/1995,BBB-,,,-,
Turkey,23/11/2011,BB+,B,stable,BB+,stable
Turkey,24/11/2010,BB+,B,positive,BB+,positive
Turkey,3/12/2009,BB+,B,stable,BB+,stable
Turkey,27/10/2009,BB-,B,Rating Watch positive,BB,Rating Watch positive
Turkey,12/12/2007,BB-,B,stable,BB,stable
Turkey,9/05/2007,BB-,B,stable,BB-,stable
Turkey,6/12/2005,BB-,B,positive,BB-,positive
Turkey,13/01/2005,BB-,B,stable,BB-,stable
Turkey,25/08/2004,B+,B,positive,B+,positive
Turkey,9/02/2004,B+,B,stable,B+,stable
Turkey,25/09/2003,B,B,positive,B,positive
Turkey,6/08/2003,B-,B,positive,B-,positive
Turkey,25/03/2003,B-,B,negative,B-,negative
Turkey,5/02/2002,B,B,stable,B,stable
Turkey,2/08/2001,B,B,negative,B-,negative
Turkey,2/04/2001,B+,B,Rating Watch negative,B,Rating Watch negative
Turkey,22/02/2001,BB-,B,Rating Watch negative,B+,Rating Watch negative
Turkey,21/09/2000,BB-,B,stable,BB,stable
Turkey,27/04/2000,BB-,B,,BB,
Turkey,10/04/2000,B+,B,Rating Watch positive,-,Rating Watch positive
Turkey,20/12/1996,B+,B,,-,
Turkey,29/07/1996,BB-,B,Rating Watch negative,-,Rating Watch negative
Turkey,26/10/1995,BB-,B,,-,
Turkey,26/09/1995,BB-,,,-,
Turkey,10/08/1994,B,,,-,
Turkmenistan,25/02/2005,-,,,-,
Turkmenistan,18/05/2001,CCC-,C,,-,
Turkmenistan,21/09/2000,B-,B,stable,-,stable
Turkmenistan,29/01/1999,B-,B,,-,
Turkmenistan,7/01/1998,B,B,,-,
Uganda,7/10/2011,B,B,stable,B,stable
Uganda,19/08/2009,B,B,positive,B,positive
Uganda,17/03/2005,B,B,stable,B,stable
Ukraine,19/10/2011,B,B,stable,B,stable
Ukraine,21/07/2011,B,B,positive,B,positive
Ukraine,6/07/2010,B,B,stable,B,stable
Ukraine,17/03/2010,B-,B,stable,B-,stable
Ukraine,12/11/2009,B-,B,negative,B-,negative
Ukraine,13/02/2009,B,B,negative,B,negative
Ukraine,17/10/2008,B+,B,negative,B+,negative
Ukraine,25/09/2008,BB-,B,negative,BB-,negative
Ukraine,14/05/2008,BB-,B,stable,BB-,stable
Ukraine,25/10/2006,BB-,B,positive,BB-,positive
Ukraine,12/01/2006,BB-,B,stable,BB-,stable
Ukraine,8/06/2005,BB-,B,positive,BB-,positive
Ukraine,21/01/2005,BB-,B,stable,BB-,stable
Ukraine,25/06/2003,B+,B,stable,B+,stable
Ukraine,26/03/2002,B,B,stable,B,stable
Ukraine,13/06/2001,B-,B,stable,B-,stable
United Kingdom,14/03/2012,AAA,F1+,negative,AAA,negative
United Kingdom,21/09/2000,AAA,F1+,stable,AAA,stable
United Kingdom,26/10/1995,AAA,F1+,,AAA,
United Kingdom,10/08/1994,AAA,,,-,
United States,28/11/2011,AAA,F1+,negative,AAA,negative
United States,21/09/2000,AAA,F1+,stable,AAA,stable
United States,1/04/1996,AAA,F1+,,AAA,
United States,13/11/1995,AAA,F1+,Rating Watch negative,AAA,Rating Watch negative
United States,26/10/1995,AAA,F1+,,AAA,
United States,10/08/1994,AAA,,,-,
Uruguay,24/04/2012,BB+,B,positive,BBB-,positive
Uruguay,14/07/2011,BB+,B,stable,BBB-,stable
Uruguay,27/07/2010,BB,B,positive,BB+,positive
Uruguay,13/07/2009,BB-,B,positive,BB,positive
Uruguay,27/07/2007,BB-,B,stable,BB,stable
Uruguay,24/05/2006,B+,B,positive,BB-,positive
Uruguay,7/03/2005,B+,B,stable,BB-,stable
Uruguay,29/03/2004,B,B,stable,B+,stable
Uruguay,17/06/2003,B-,B,stable,B,stable
Uruguay,16/05/2003,DDD,D,,B,
Uruguay,10/04/2003,C,C,,CCC-,
Uruguay,12/03/2003,CCC-,C,negative,CCC-,negative
Uruguay,7/01/2003,B-,B,negative,B,negative
Uruguay,30/07/2002,B,B,negative,B,negative
Uruguay,28/05/2002,B+,B,Rating Watch negative,BB-,Rating Watch negative
Uruguay,13/03/2002,BB+,B,negative,BBB-,negative
Uruguay,23/07/2001,BBB-,F3,negative,BBB+,negative
Uruguay,21/09/2000,BBB-,F3,stable,BBB+,stable
Uruguay,19/05/2000,BBB-,F3,,BBB+,
Uruguay,23/01/1997,BBB-,F3,,-,
Uruguay,14/01/1997,BB+,B,Rating Watch positive,-,Rating Watch positive
Uruguay,26/10/1995,BB+,B,,-,
Uruguay,18/01/1995,BB+,,,-,
Venezuela,4/04/2012,B+,B,negative,B+,negative
Venezuela,16/12/2008,B+,B,stable,B+,stable
Venezuela,18/10/2007,BB-,B,negative,BB-,negative
Venezuela,14/11/2005,BB-,B,stable,BB-,stable
Venezuela,20/09/2004,B+,B,stable,B+,stable
Venezuela,23/06/2003,B-,B,stable,B-,stable
Venezuela,10/01/2003,CCC+,C,negative,CCC,negative
Venezuela,28/06/2002,B,B,negative,B-,negative
Venezuela,6/02/2002,B+,B,negative,B,negative
Venezuela,18/12/2001,BB-,B,negative,B+,negative
Venezuela,21/09/2000,BB-,B,stable,B+,stable
Venezuela,15/05/2000,BB-,B,,B+,
Venezuela,2/09/1999,BB-,B,Rating Watch negative,-,Rating Watch negative
Venezuela,15/09/1997,BB-,B,,-,
Vietnam,28/07/2010,B+,B,stable,B+,stable
Vietnam,11/03/2010,BB-,B,Rating Watch negative,BB-,Rating Watch negative
Vietnam,29/06/2009,BB-,B,stable,BB-,negative
Vietnam,29/05/2008,BB-,B,negative,BB,negative
Vietnam,6/11/2003,BB-,B,stable,BB,stable
Vietnam,11/06/2002,BB-,B,positive,BB,positive
Zambia,1/03/2012,B+,B,negative,B+,negative
Zambia,2/03/2011,B+,B,stable,B+,stable
